{"cameraMode":{"drawMode":0,"name":"Shaded","section":"Shading Mode"},"sceneLighting":false,"audioPlay":false,"sceneViewState":{"m_AlwaysRefresh":false,"showFog":true,"showSkybox":false,"showFlares":true,"showImageEffects":true,"showParticleSystems":true,"showVisualEffectGraphs":true,"m_FxEnabled":true},"in2DMode":false,"pivot":{"x":-1.9996544122695923,"y":0.44307494163513186,"z":-0.42534899711608889},"rotation":{"x":0.06549197435379029,"y":-0.9266440272331238,"z":0.19171640276908875,"w":0.3167891800403595},"size":2.1764512062072756,"orthographic":false}